Date,Symbol,Code,Company Name,Open Rate,Highest,Lowest,Closing Rate,Turn Over,Prev. Rate
25SEP2024,786,0813,786 Invest Ltd,5.62,6.18,5.62,6.19,55,6.19
25SEP2024,AABS,0826,Al-Abbas Sugar,575.01,585,541,585,2575,580.45
25SEP2024,AATM,0830,Ali Asghar Textile,69.99,71.73,66.01,68.98,26162,65.21
25SEP2024,ABL,0807,Allied Bank Ltd,110.0,111.74,108.2,111.03,53635,110.16
25SEP2024,ABOT,0823,Abbott Lab.,769.8,773,762.05,763.59,6194,769.8
25SEP2024,ACIETF,0837,Alfalah Consumer,9.99,9.99,9.99,9.99,5000,10.01
25SEP2024,ACIETF-SEP,40,Alfalah Consumer,0.0,0,0,10,0,10.03
25SEP2024,ACPL,0804,Attock Cement,94.0,99.5,93.21,98.35,54386,93.85
25SEP2024,ADAMS,0826,Adam Sugar,45.95,45.95,45.94,45,214,45
25SEP2024,ADMM,0829,Artistic Denim,42.59,42.6,41.25,42.37,7647,41.53
25SEP2024,AGHA,0808,Agha Steel Ind.,12.93,12.95,12.36,12.46,1160482,12.81
25SEP2024,AGHA-NOV,40,Agha Steel Ind.,0.0,0,0,12.95,0,13.32
25SEP2024,AGHA-OCT,40,Agha Steel Ind.,12.8,13.08,12.51,12.64,1201500,13.02
25SEP2024,AGHA-SEP,40,Agha Steel Ind.,12.6,12.99,12.4,12.47,1514000,12.86
25SEP2024,AGIC,0812,Ask.Gen.Insur.,21.0,21.86,21,21.85,3922,21.84
25SEP2024,AGIL,0802,Agriautos Ind.,88.45,88.45,87.4,87.81,1106,88.03
25SEP2024,AGL,0805,Agritech Limited,32.99,34.15,32.7,33.73,1235467,32.49
25SEP2024,AGL-NOV,40,Agritech Limited,0.0,0,0,35.05,0,33.78
25SEP2024,AGL-OCT,40,Agritech Limited,33.28,34.5,33.2,34.26,1481500,33.02
25SEP2024,AGL-SEP,40,Agritech Limited,32.55,34.1,32.55,33.9,1322500,32.56
25SEP2024,AGP,0823,AGP Limited,113.9,114.1,111.1,113.67,286697,111.59
25SEP2024,AGSML,0826,Abdullah Shah,5.7,5.89,5.7,5.72,1783,5.67
25SEP2024,AGTL,0801,AL-Ghazi Tractors,367.48,380,365,378.65,12168,364.7
25SEP2024,AHCL,0809,Arif Habib Corp,56.25,57.6,56.25,56.52,10900,57.71
25SEP2024,AHL,0813,Arif Habib Ltd.,61.26,65,61.26,64.37,82019,61.95
25SEP2024,AICL,0812,Adamjee Ins.,33.64,33.64,32.98,33.09,62464,32.98
25SEP2024,AICL-NOV,40,Adamjee Ins.,0.0,0,0,34.38,0,34.29
25SEP2024,AICL-OCTB,40,Adamjee Ins.,34.0,34,34,34,15000,33.59
25SEP2024,AICL-SEPB,40,Adamjee Ins.,33.39,34,33,34,145000,33.25
25SEP2024,AIRLINK,0828,Air Link CommunXD,128.99,133.45,128.02,129.57,5946347,128.79
25SEP2024,AIRLINK-NOVB,40,Air Link CommunXD,0.0,0,0,134.63,0,133.89
25SEP2024,AIRLINK-OCTB,40,Air Link CommunXD,131.2,135.45,130.01,131.17,6466500,130.8
25SEP2024,AIRLINK-SEPB,40,Air Link CommunXD,130.0,133.79,126.85,129.39,5570500,129.16
25SEP2024,AKBL,0807,Askari Bank,25.25,26,24.75,25.92,1829951,25.12
25SEP2024,AKBL-NOV,40,Askari Bank,0.0,0,0,26.93,0,26.12
25SEP2024,AKBL-OCT,40,Askari Bank,0.0,0,0,26.39,0,25.52
25SEP2024,AKBL-SEP,40,Askari Bank,25.39,26.37,25,26.01,26000,25.19
25SEP2024,AKDHL,0818,AKD Hospitality,138.89,143,135.5,139,2419,138
25SEP2024,AKDSL,0813,AKD Securites L,15.12,16.92,15,16.92,1172548,15.38
25SEP2024,ALAC,0812,Askari Life Ass,5.25,5.25,5,5,514,5.27
25SEP2024,ALIFE,0812,Adamjee Life Assuran,31.15,31.99,30.51,31.27,6350,32.59
25SEP2024,ALNRS,0826,AL-Noor Sugar,79.8,79.8,78.5,78.57,655,79
25SEP2024,ALTN,0824,Altern Energy,20.63,21,20.6,20.9,15620,20.95
25SEP2024,AMBL,0813,Apna Microfin.,0.0,0,0,10.06,100,10.06
25SEP2024,AMTEX,0830,Amtex Limited,3.8,3.89,3.6,3.64,2964157,3.76
25SEP2024,ANL,0829,Azgard Nine,7.4,7.43,7.3,7.34,162998,7.33
25SEP2024,ANTM,0829,AN Textile Mill,10.6,10.6,10.6,10.2,1,10.2
25SEP2024,APL,0821,Attock Petroleum,415.1,418.99,410.1,415.29,50846,414.89
25SEP2024,ARCTM,0830,Arctic Textile,24.75,24.75,23.5,23.56,601,22.95
25SEP2024,ARPL,0805,Archroma Pak,292.9,295.99,290.1,288.15,42,288.15
25SEP2024,ARUJ,0829,Aruj Industries,9.95,10.71,9.8,10.7,119920,9.71
25SEP2024,ASC,0810,Al-Shaheer Corp,6.29,6.29,6.03,6.18,559537,6.08
25SEP2024,ASC-NOV,40,Al-Shaheer Corp,0.0,0,0,6.42,0,6.32
25SEP2024,ASC-OCT,40,Al-Shaheer Corp,6.3,6.6,6.15,6.15,659500,6.59
25SEP2024,ASC-SEP,40,Al-Shaheer Corp,6.22,6.69,6,6.25,822500,6.17
25SEP2024,ASIC,0812,Asia Insurance,15.25,15.25,15.25,14.25,1,14.25
25SEP2024,ASL,0808,Aisha Steel Mill,6.71,6.75,6.59,6.62,1181530,6.61
25SEP2024,ASL-NOV,40,Aisha Steel Mill,0.0,0,0,6.88,0,6.87
25SEP2024,ASL-OCT,40,Aisha Steel Mill,6.69,6.85,6.69,6.8,513000,6.71
25SEP2024,ASLPS,0808,Aisha StelCoP/S,9.2,9.2,9.2,9.2,1155,9.2
25SEP2024,ASL-SEP,40,Aisha Steel Mill,6.67,6.75,6.6,6.68,529000,6.71
25SEP2024,ASTL,0808,Amreli Steels,18.75,18.78,17.65,18.29,343426,18.62
25SEP2024,ASTM,0830,Asim Textile,12.12,12.5,11.51,12.06,1081,12.6
25SEP2024,ATBA,0802,Atlas Battery-XD,325.0,347.47,325,344.6,53259,327.7
25SEP2024,ATIL,0812,Atlas Ins. Ltd,41.0,41.01,40.99,40.99,2760,41.9
25SEP2024,ATLH,0801,Atlas Honda Ltd,644.0,648.94,638,647.9,3047,642.87
25SEP2024,ATRL,0825,Attock Refinery,320.89,322.9,318.5,319.95,339223,319.62
25SEP2024,ATRL-NOV,40,Attock Refinery,0.0,0,0,320.33,0,320.2
25SEP2024,ATRL-NOVB,40,Attock Refinery,0.0,0,0,319.51,0,319.37
25SEP2024,ATRL-OCT,40,Attock Refinery,321.51,323,320,320.89,23500,321.5
25SEP2024,ATRL-OCTB,40,Attock Refinery,315.0,317,313.1,314.93,105500,314.24
25SEP2024,ATRL-SEP,40,Attock Refinery,321.98,323.18,320.49,321.12,136500,320.87
25SEP2024,AVN,0828,Avanceon Ltd,54.5,55.1,54.25,54.78,823257,54.25
25SEP2024,AVN-NOV,40,Avanceon Ltd,0.0,0,0,56.92,0,56.4
25SEP2024,AVN-OCT,40,Avanceon Ltd,55.0,55.83,55,55.56,396500,55.08
25SEP2024,AVN-SEP,40,Avanceon Ltd,54.66,55.09,54.5,54.84,534500,54.32
25SEP2024,BAFL,0807,Bank Al-Falah,60.21,62.2,60.21,61.41,3377794,60.7
25SEP2024,BAFL-NOV,40,Bank Al-Falah,0.0,0,0,63.81,0,63.11
25SEP2024,BAFL-OCTB,40,Bank Al-Falah,0.0,0,0,62.52,0,61.83
25SEP2024,BAFL-SEPB,40,Bank Al-Falah,61.5,61.75,61.25,61.5,43000,61.2
25SEP2024,BAHL,0807,Bank AL-Habib,97.02,99.95,97,99.37,2567512,97.83
25SEP2024,BAHL-NOV,40,Bank AL-Habib,0.0,0,0,103.25,0,101.71
25SEP2024,BAHL-OCTB,40,Bank AL-Habib,98.49,98.5,98.49,98.49,12500,99.65
25SEP2024,BAHL-SEPB,40,Bank AL-Habib,0.0,0,0,99.49,0,98.01
25SEP2024,BAPL,0805,Bawany Air Pro(DEF.),41.97,41.97,41.97,41.97,16207,38.15
25SEP2024,BATA,0816,Bata (Pak),1665.0,1665,1645.33,1665,77,1665
25SEP2024,BBFL,0810,Big Bird Foods Ltd.,78.23,80,76.9,79.39,1721080,77.34
25SEP2024,BCL,0808,Bolan Casting,87.5,95.35,86.02,95.35,88306,86.68
25SEP2024,BECO,0808,Beco Steel Ltd,6.33,6.99,6.1,6.19,17620,6.42
25SEP2024,BELA,0802,Bela Automotive,165.0,165,163,165,894,150
25SEP2024,BERG,0805,Berger Paints,84.49,87.49,82,83.98,170797,83.11
25SEP2024,BFMOD,0819,B.F.Modaraba,0.0,0,0,8.35,2,8.35
25SEP2024,BGL,0811,Bal.Glass,11.5,12.3,11.5,12.03,1624874,11.51
25SEP2024,BIFO,0805,Biafo Industries,106.9,107,100,104.91,151384,106.89
25SEP2024,BILF,0830,Bilal Fibres,17.75,19.65,17.7,17.94,1495410,19.49
25SEP2024,BIPL,0807,Bankislami Pak,21.0,21.17,20.1,21.02,504261,21
25SEP2024,BIPL-NOV,40,Bankislami Pak,0.0,0,0,21.84,0,21.83
25SEP2024,BIPL-OCTB,40,Bankislami Pak,0.0,0,0,21.4,0,19.51
25SEP2024,BIPL-SEPB,40,Bankislami Pak,0.0,0,0,21.05,0,21.04
25SEP2024,BKTI-NOV,41,BKTI,0.0,0,0,21671,0,21328
25SEP2024,BKTI-OCT,41,BKTI,0.0,0,0,21310,0,20973
25SEP2024,BKTI-SEP,41,BKTI,0.0,0,0,21021,0,20689
25SEP2024,BML,0807,Bank Makramah,2.06,2.15,2.02,2.05,823875,2.02
25SEP2024,BNL,0810,Bunnys Limited,13.0,13.5,12.9,13.14,1249454,13.05
25SEP2024,BNWM,0835,Bannu Woollen,32.79,34.7,31.5,31.9,138691,32.35
25SEP2024,BOK,0807,Bank Of Khyber,12.23,12.23,12.23,11.7,1,11.7
25SEP2024,BOP,0807,B.O.Punjab,5.07,5.15,5.01,5.03,2058857,4.98
25SEP2024,BOP-NOV,40,B.O.Punjab,0.0,0,0,5.23,0,5.18
25SEP2024,BOP-OCT,40,B.O.Punjab,5.13,5.13,5.13,5.13,1000,5.05
25SEP2024,BOP-SEP,40,B.O.Punjab,5.01,5.14,5.01,5.07,75500,4.98
25SEP2024,BPL,0821,Burshane LPG,28.9,30.35,28.6,30.32,66514,28.5
25SEP2024,BRRG,0838,B.R.R Guardia Ltd,14.74,14.75,14.74,14.75,2500,14.89
25SEP2024,BUXL,0805,Buxly Paints,175.5,175.5,164.33,168.86,9083,169.22
25SEP2024,BWCL,0804,Bestway Cement,243.0,248.78,241.01,244.44,2726,243.92
25SEP2024,BWHL,0802,Bal.Wheels-XD,112.0,112,105,105.26,3163,105.03
25SEP2024,CASH,0813,Calcorp Limited,23.01,23.01,23,25.19,211,25.19
25SEP2024,CENI,0812,Century Ins.,27.98,27.98,26.59,27.98,502,27
25SEP2024,CEPB,0822,Century Paper,24.8,24.99,24.6,24.73,34068,24.66
25SEP2024,CEPB-NOV,40,Century Paper,0.0,0,0,25.7,0,25.64
25SEP2024,CEPB-OCT,40,Century Paper,25.5,25.5,25.23,25.25,51000,25.12
25SEP2024,CEPB-SEP,40,Century Paper,25.0,26.9,22.25,24.81,58500,24.7
25SEP2024,CHAS,0826,Chashma Sugar,62.0,62,56.51,58.11,46,58.11
25SEP2024,CHBL,0829,Chenab Limited,6.11,7.15,6.11,7.07,2561081,6.18
25SEP2024,CHCC,0804,Cherat Cement,179.84,179.84,175.11,177.44,107026,175.67
25SEP2024,CHCC-NOV,40,Cherat Cement,0.0,0,0,177.65,0,175.99
25SEP2024,CHCC-NOVB,40,Cherat Cement,0.0,0,0,180.24,0,178.55
25SEP2024,CHCC-OCT,40,Cherat Cement,0.0,0,0,177.65,0,175.99
25SEP2024,CHCC-OCTB,40,Cherat Cement,0.0,0,0,176.6,0,174.94
25SEP2024,CHCC-SEP,40,Cherat Cement,177.0,177,177,177,500,175
25SEP2024,CLCPS,0829,Chenab Ltd.(Pre,3.39,3.54,3.3,3.49,2668844,3.34
25SEP2024,CLOUD,0830,Chakwal Spinning,84.0,91.1,83.98,87.3,2156005,82.82
25SEP2024,CLOV,0810,Clover Pakistan,39.1,39.72,39,39.58,16221,39.04
25SEP2024,CLVL,0833,Cordoba Logist,14.95,14.95,13.4,14.42,734,14.28
25SEP2024,CNERGY,0825,Cnergyico PK,3.75,3.85,3.74,3.82,4596578,3.77
25SEP2024,CNERGY-NOV,40,Cnergyico PK,0.0,0,0,3.97,0,3.92
25SEP2024,CNERGY-OCT,40,Cnergyico PK,3.84,3.89,3.8,3.89,486000,3.81
25SEP2024,CNERGY-SEP,40,Cnergyico PK,3.79,3.85,3.72,3.84,1709000,3.77
25SEP2024,COLG,0810,Colgate PalmXD,1160.0,1178.88,1043.01,1169.88,8020,1158.9
25SEP2024,CPHL,0823,Citi Pharma Ltd,36.46,36.6,35.65,35.88,1392572,36.12
25SEP2024,CPHL-NOV,40,Citi Pharma Ltd,0.0,0,0,37.28,0,37.55
25SEP2024,CPHL-OCT,40,Citi Pharma Ltd,36.8,37.15,36,36.25,292500,36.7
25SEP2024,CPHL-SEP,40,Citi Pharma Ltd,36.3,36.66,35.6,35.87,313000,36.2
25SEP2024,CPPL,0822,Cherat Packg,104.75,104.75,104.73,104.74,23420,103.2
25SEP2024,CRTM,0829,Crescent Tex.,13.14,13.44,13.1,13.31,8785,13.3
25SEP2024,CSAP,0808,Crescent Steel,72.0,73.2,71.61,72.03,262897,71.18
25SEP2024,CSIL,0812,Cres.Star Ins.,2.99,2.99,2.9,2.96,170778,2.97
25SEP2024,CTM,0830,Colony Tex.Mills Ltd,5.36,5.8,5.36,5.58,738682,5.36
25SEP2024,CYAN,0813,Cyan Limited,23.01,23.29,22.55,23.2,39686,23.04
25SEP2024,DAAG,0805,Data Agro,92.5,94,83,89.81,19494,92.21
25SEP2024,DADX,0808,Dadex Eternit,50.01,50.01,47.02,48.15,4567,50.01
25SEP2024,DAWH,0813,Dawood Hercules,143.0,144.99,140,140.29,15942,139.42
25SEP2024,DBCI,0804,Dadabhoy Cement,5.5,5.51,5.15,5.41,62718,5.25
25SEP2024,DCL,0804,Dewan Cement,8.14,8.35,8,8.27,1878972,8.11
25SEP2024,DCL-NOV,40,Dewan Cement,0.0,0,0,8.59,0,8.43
25SEP2024,DCL-OCT,40,Dewan Cement,8.3,8.5,8.2,8.39,1315500,8.23
25SEP2024,DCL-SEP,40,Dewan Cement,8.1,8.36,8.05,8.28,1676000,8.14
25SEP2024,DCR,0836,Dolmen CityXD,17.26,17.35,17.19,17.24,74260,17.25
25SEP2024,DCR-NOVB,40,Dolmen CityXD,0.0,0,0,17.91,0,17.93
25SEP2024,DCR-OCTB,40,Dolmen CityXD,0.0,0,0,17.55,0,17.57
25SEP2024,DEL,0813,Dawood Equities,8.98,8.98,8.3,8.33,94371,8.62
25SEP2024,DFML,0801,Dewan Motors,48.4,51.01,48.15,50.26,8257621,47.78
25SEP2024,DFML-NOV,40,Dewan Motors,0.0,0,0,52.22,0,49.67
25SEP2024,DFML-OCT,40,Dewan Motors,49.78,51.6,48.75,51,5686000,48.27
25SEP2024,DFML-SEP,40,Dewan Motors,48.72,51,48.25,50.36,5507000,47.81
25SEP2024,DFSM,0830,Dewan Farooque Sp.,4.2,4.45,4.2,4.36,124617,4.23
25SEP2024,DGKC,0804,D.G.K.Cement,74.49,75.81,74.35,75.56,1759201,74.17
25SEP2024,DGKC-NOV,40,D.G.K.Cement,0.0,0,0,78.51,0,77.11
25SEP2024,DGKC-OCT,40,D.G.K.Cement,75.0,76.89,75,76.43,1560500,75.3
25SEP2024,DGKC-SEP,40,D.G.K.Cement,74.57,75.91,74.5,75.64,1785000,74.28
25SEP2024,DINT,0830,Din Textile,56.7,57.7,56.7,54.02,300,54.02
25SEP2024,DLL,0813,Dawood Law,209.99,209.99,209.99,205.99,19,205.99
25SEP2024,DMTM,0830,Dewan Mushtaq,7.07,8.85,7.07,7.6,36010,7.98
25SEP2024,DNCC,0804,Dandot Cement,0.0,0,0,11.15,428,11.15
25SEP2024,DOL,0805,Descon Oxychem,20.8,20.89,20.6,20.75,142445,20.73
25SEP2024,DSIL,0830,D.S. Ind. Ltd.,4.5,4.8,4.5,4.7,241813,4.68
25SEP2024,DSL,0808,Dost Steels Ltd.,6.06,6.19,6.05,6.11,735199,6.05
25SEP2024,DSML,0830,Dar-es-Salaam,37.11,41.99,37.11,41,111,41
25SEP2024,DWAE,0802,Dewan Auto Engg,47.0,47.8,45.12,46.87,46978,45.42
25SEP2024,DWSM,0826,Dewan Sugar,4.8,4.8,4.35,4.63,97486,4.7
25SEP2024,DWTM,0830,Dewan Textile,8.5,8.5,6.8,6.86,1052,7.76
25SEP2024,DYNO,0805,Dynea Pakistan,198.3,201.05,190,199.85,64047,198.07
25SEP2024,ECOP,0818,ECOPACK Ltd,21.49,21.49,19.9,20.22,33002,20.86
25SEP2024,EFERT,0809,Engro Fert,187.02,191.9,187.02,188.6,2218213,187.62
25SEP2024,EFERT-NOV,40,Engro Fert,0.0,0,0,195.96,0,195.06
25SEP2024,EFERT-OCTB,40,Engro Fert,190.0,195,190,192,111000,189.44
25SEP2024,EFERT-SEPB,40,Engro Fert,188.0,192.99,187.5,192.99,111000,187.5
25SEP2024,EFGH,0813,EFG Hermes Pak,32.0,34.67,31,34.67,238977,31.52
25SEP2024,EFUG,0812,EFU GeneralXD,91.0,91,91,94.63,42,95.33
25SEP2024,EFUL,0812,EFU Life Assur,169.99,172.99,167,168.42,2100,170
25SEP2024,ELCM,0830,Elahi Cotton,77.0,77,77,72.5,1,72.5
25SEP2024,EMCO,0803,EMCO Industries,35.99,36,33,35.99,11395,35.99
25SEP2024,ENGRO,0809,Engro Corp,318.0,319.09,313,317.01,760724,317.33
25SEP2024,ENGRO-NOV,40,Engro Corp,0.0,0,0,329.38,0,329.91
25SEP2024,ENGRO-OCTB,40,Engro Corp,0.0,0,0,322.72,0,323.24
25SEP2024,ENGRO-SEPB,40,Engro Corp,315.0,315,315,315,1000,317
25SEP2024,EPCL,0805,Engro Polymer,33.31,33.99,33.1,33.54,334595,33.22
25SEP2024,EPCL-NOV,40,Engro Polymer,0.0,0,0,34.85,0,34.54
25SEP2024,EPCL-OCT,40,Engro Polymer,34.02,34.4,34,34,39000,33.98
25SEP2024,EPCL-SEP,40,Engro Polymer,33.58,34,33.58,33.68,34500,33.7
25SEP2024,EPQL,0824,Engro Powergen,24.99,24.99,24.41,24.59,83438,24.72
25SEP2024,EPQL-OCTB,40,Engro Powergen,25.05,25.05,25.05,25.05,1000,25.18
25SEP2024,EPQL-SEPB,40,Engro Powergen,24.4,24.5,24.4,24.5,1500,24.76
25SEP2024,ESBL,0813,Escorts Bank,3.99,3.99,3.98,3.99,5020,3.98
25SEP2024,EWIC,0812,East West Ins,42.0,42,41.95,41.48,65,41.48
25SEP2024,EXIDE,0802,Exide (PAK),864.0,895,851,892.6,14817,856.96
25SEP2024,FABL,0807,Faysal Bank,46.99,47.25,46.3,46.98,2079659,46.3
25SEP2024,FABL-NOV,40,Faysal Bank,0.0,0,0,48.81,0,48.14
25SEP2024,FABL-OCTB,40,Faysal Bank,45.01,47.82,45.01,47.6,38000,47
25SEP2024,FABL-SEPB,40,Faysal Bank,41.81,47.1,41.81,47,23000,46.32
25SEP2024,FANM,0819,AL-Noor Mod,3.35,3.35,3.35,3.35,1500,3.26
25SEP2024,FATIMA,0809,Fatima Fert,56.49,58.5,55.56,57.63,7299359,56.49
25SEP2024,FATIMA-NOV,40,Fatima Fert,0.0,0,0,59.88,0,58.73
25SEP2024,FATIMA-OCTB,40,Fatima Fert,57.89,59,56.73,58.24,1957500,57.23
25SEP2024,FATIMA-SEPB,40,Fatima Fert,57.0,57.75,56,57.41,1165000,56.47
25SEP2024,FCCL,0804,Fauji Cement,24.16,25.15,23.84,24.99,7657647,24.04
25SEP2024,FCCL-NOV,40,Fauji Cement,0.0,0,0,25.02,0,24.08
25SEP2024,FCCL-NOVB,40,Fauji Cement,0.0,0,0,24.93,0,23.99
25SEP2024,FCCL-OCT,40,Fauji Cement,24.2,25.05,23.9,24.97,184000,24
25SEP2024,FCCL-OCTB,40,Fauji Cement,23.41,24.44,23.4,24.21,415000,23.7
25SEP2024,FCCL-SEP,40,Fauji Cement,24.23,25.18,23.95,25.01,625000,24
25SEP2024,FCEL,0813,First Cap.Equit,7.0,7,6.78,7,1814,6
25SEP2024,FCEPL,0810,Frieslandcampina,60.01,60.45,59.8,59.97,144219,60.33
25SEP2024,FCEPL-NOV,40,Frieslandcampina,0.0,0,0,62.31,0,62.72
25SEP2024,FCEPL-OCT,40,Frieslandcampina,0.0,0,0,61.05,0,61.4
25SEP2024,FCEPL-SEP,40,Frieslandcampina,0.0,0,0,60.04,0,60.75
25SEP2024,FCIBL,0813,F.Credit & Inv,7.65,7.65,7.65,7.7,25,7.7
25SEP2024,FCL,0803,Fast Cables Ltd.,22.93,23,22.67,22.82,284523,22.91
25SEP2024,FCSC,0813,Ist.Capital Sec,2.19,2.75,2.19,2.62,11476918,2.19
25SEP2024,FDPL,0813,First Dawood Prop,2.59,2.59,2.4,2.5,375533,2.34
25SEP2024,FECM,0819,Elite Cap.Mod,10.45,10.55,10.4,10.54,39195,9.55
25SEP2024,FECTC,0804,Fecto Cement,32.65,34,31.5,31.53,24871,31
25SEP2024,FEM,0819,Equity Modaraba,3.0,3,3,3.15,900,3.15
25SEP2024,FEROZ,0823,Ferozsons (Lab),308.48,309,305.1,307.03,167327,307.19
25SEP2024,FEROZ-NOV,40,Ferozsons (Lab),0.0,0,0,319.02,0,319.37
25SEP2024,FEROZ-OCT,40,Ferozsons (Lab),0.0,0,0,312.56,0,312.91
25SEP2024,FEROZ-SEP,40,Ferozsons (Lab),306.0,306,306,306,1000,305
25SEP2024,FFBL,0809,Fauji Fert Bin,48.49,49.34,47.51,47.9,4743187,48.44
25SEP2024,FFBL-NOV,40,Fauji Fert Bin,0.0,0,0,49.77,0,50.36
25SEP2024,FFBL-OCT,40,Fauji Fert Bin,49.1,49.49,47.7,48.18,590500,48.9
25SEP2024,FFBL-SEP,40,Fauji Fert Bin,48.49,48.99,47.55,47.89,639500,48.43
25SEP2024,FFC,0809,Fauji Fert,219.5,223.97,214,216.35,2353746,219.08
25SEP2024,FFC-NOV,40,Fauji Fert,0.0,0,0,224.8,0,227.76
25SEP2024,FFC-OCTB,40,Fauji Fert,223.0,224,216.51,218.37,391500,221.19
25SEP2024,FFC-SEPB,40,Fauji Fert,220.0,223.5,214.5,216.06,168000,219.81
25SEP2024,FFL,0810,Fauji Foods Ltd,8.75,8.95,8.74,8.88,3120517,8.79
25SEP2024,FFLM,0819,1st.Fid.Leasing,2.65,2.7,2.35,2.35,1900,2.61
25SEP2024,FFL-NOV,40,Fauji Foods Ltd,0.0,0,0,9.23,0,9.14
25SEP2024,FFL-OCT,40,Fauji Foods Ltd,8.93,9.08,8.9,9.02,1342500,8.92
25SEP2024,FFL-SEP,40,Fauji Foods Ltd,8.84,8.96,8.75,8.89,1643000,8.83
25SEP2024,FHAM,0819,Habib Modaraba,17.45,17.45,16.7,17.02,3975,16.65
25SEP2024,FIL,0816,Fateh Industries,153.47,185.24,153.47,156.26,746,170.51
25SEP2024,FLYNG,0804,Flying Cement,18.0,18.5,17.62,17.9,5769921,17.92
25SEP2024,FLYNG-NOV,40,Flying Cement,0.0,0,0,18.6,0,18.63
25SEP2024,FLYNG-OCT,40,Flying Cement,18.0,18.7,17.9,18.07,2390500,18.08
25SEP2024,FLYNG-SEP,40,Flying Cement,18.2,18.45,17.65,17.88,1869500,17.98
25SEP2024,FML,0829,Feroze 1888,76.0,76,76,75,1,75
25SEP2024,FNEL,0813,F. Nat.Equities,3.86,3.86,3.64,3.76,1895835,3.69
25SEP2024,FPJM,0819,Punjab Mod,2.8,2.8,2.3,2.62,24460,2.45
25SEP2024,FPRM,0819,Paramount Mod,9.0,9,9,9,1500,8.33
25SEP2024,FRCL,0811,Frontier Ceram,20.99,21.25,18,21.25,42602,19.32
25SEP2024,FRSM,0826,Faran Sugar,44.0,44,43.99,44,1186,43.64
25SEP2024,FSWL,0829,Fateh Sports,112.0,112,112,112,3888,112.15
25SEP2024,FTMM,0819,F.Treet Manuf,4.58,4.69,4.58,4.61,2908,4.77
25SEP2024,FTSM,0819,Tri-Star 1st Mod.,15.8,15.9,15.8,15.9,178,15.9
25SEP2024,GADT,0830,Gadoon Textile,178.29,178.29,178.19,175.5,2,175.5
25SEP2024,GAL,0801,Ghandhara Automobile,226.01,240,226.01,232.1,1521161,225.94
25SEP2024,GAL-NOV,40,Ghandhara Automobile,0.0,0,0,241.16,0,234.9
25SEP2024,GAL-OCT,40,Ghandhara Automobile,231.0,242.8,231,235.79,375500,229.68
25SEP2024,GAL-SEP,40,Ghandhara Automobile,231.01,239.99,231.01,232.84,693000,226.65
25SEP2024,GAMON,0818,Gammon Pak,59.0,61,56.11,56.54,60707,58.76
25SEP2024,GATI,0827,Gatron Ind.,190.0,190,190,189.98,7,189.98
25SEP2024,GATM,0829,Gul Ahmed,18.14,18.35,18.14,18.26,497640,17.99
25SEP2024,GATM-NOV,40,Gul Ahmed,0.0,0,0,18.97,0,18.7
25SEP2024,GATM-OCT,40,Gul Ahmed,18.6,18.65,18.49,18.51,169500,18.8
25SEP2024,GATM-SEP,40,Gul Ahmed,18.25,18.43,18.2,18.34,115500,18.03
25SEP2024,GCIL,0805,Ghani Chemical,10.09,10.09,9.82,10,406268,10.01
25SEP2024,GEMBLUEX,0833,Blue-Ex,56.25,64.9,56.25,63.39,8505,62.5
25SEP2024,GEMMEL,0824,Mughal Energy Ltd,19.1,21.66,19.1,19.7,502,19.7
25SEP2024,GEMSPNL,0828,Supernet Ltd.XB,11.0,11,11,11,1000,11
25SEP2024,GFIL,0829,Ghazi Fabrics,9.7,9.8,9.49,9.61,166,9.61
25SEP2024,GGGL,0811,GhaniGlobalGlass,6.08,6.08,5.9,5.96,608579,5.97
25SEP2024,GGL,0805,Ghani Glo Hol,9.24,9.29,9.1,9.22,687497,9.11
25SEP2024,GGL-NOV,40,Ghani Glo Hol,0.0,0,0,9.58,0,9.47
25SEP2024,GGL-OCT,40,Ghani Glo Hol,9.31,9.5,9.3,9.42,950000,9.1
25SEP2024,GGL-SEP,40,Ghani Glo Hol,9.1,9.3,9.1,9.26,1087500,9.13
25SEP2024,GHGL,0811,Ghani Glass Ltd,25.21,25.6,25.12,25.27,242050,25.21
25SEP2024,GHGL-NOV,40,Ghani Glass Ltd,0.0,0,0,26.26,0,26.21
25SEP2024,GHGL-OCT,40,Ghani Glass Ltd,0.0,0,0,25.73,0,25.68
25SEP2024,GHGL-SEP,40,Ghani Glass Ltd,25.3,25.3,25.2,25.2,12000,25.26
25SEP2024,GHNI,0801,Ghandhara Ind.,309.5,320.01,306.61,309.89,584596,304.87
25SEP2024,GHNI-NOV,40,Ghandhara Ind.,0.0,0,0,321.99,0,316.95
25SEP2024,GHNI-OCT,40,Ghandhara Ind.,316.0,323.87,314,314.94,143500,308.19
25SEP2024,GHNI-SEP,40,Ghandhara Ind.,312.0,320,309,310.51,220000,304.43
25SEP2024,GLAXO,0823,GlaxoSmithKline,190.01,206,190.01,203.7,1079677,189.58
25SEP2024,GLPL,0810,Gillette Pak,145.88,145.88,145.88,140.99,2,140.99
25SEP2024,GOC,0818,GOC (Pak) Ltd.,61.44,63.99,61.44,63.89,1129,61.06
25SEP2024,GRR,0836,Globe Residency XD,13.25,13.25,13.01,13.04,2219,13.16
25SEP2024,GRYL,0815,Grays Leasing,4.9,4.9,4.85,4.9,1205,5.2
25SEP2024,GSPM,0830,Gulshan Sp.,4.93,5.15,4.55,4.9,61226,4.66
25SEP2024,GTYR,0802,Ghandhara Tyre,37.99,38.43,37.6,37.99,263327,37.52
25SEP2024,GUSM,0830,Gulistan Sp.,15.1,15.1,12.7,13.34,5830,13.78
25SEP2024,GVGL,0811,Ghani Value Glas,43.11,45.47,43.11,45.03,12585,44.64
25SEP2024,GWLC,0804,Gharibwal Cement,27.18,27.7,27.1,27.49,418422,27.16
25SEP2024,HABSM,0826,Habib Sugar,68.99,68.99,67.33,67.5,5426,69
25SEP2024,HAEL,0829,Hala Enterprise,12.85,12.86,11.8,12.86,248805,11.69
25SEP2024,HAFL,0829,Hafiz Limited,237.86,237.86,237.86,231.35,5,231.35
25SEP2024,HALEON,0823,Haleon Pakistan,585.0,593.5,565,567.35,28203,583.57
25SEP2024,HASCOL,0821,Hascol Petrol,6.9,7.17,6.8,7.08,6592013,6.87
25SEP2024,HBL,0807,Habib Bank,128.99,130.2,127.05,129.45,3701632,128.43
25SEP2024,HBL-NOV,40,Habib Bank,0.0,0,0,134.5,0,133.52
25SEP2024,HBL-OCTB,40,Habib Bank,131.0,132,129,131.52,814000,130.98
25SEP2024,HBL-SEPB,40,Habib Bank,129.0,130.5,127.45,130.13,1149000,128.65
25SEP2024,HBLTETF,0837,HBL Total Treasury,107.7,107.7,107.6,107.6,9200,107.6
25SEP2024,HCAR,0801,Honda Atlas Cars,255.75,257.44,254,254.48,99795,252.84
25SEP2024,HCL,0828,Hallmark Company Ltd,874.9,933.9,850,933.9,470,849
25SEP2024,HGFA,0806,HBL Growth Fund,6.45,6.74,6.45,6.45,12176,6.32
25SEP2024,HICL,0812,Habib Ins.,6.5,6.5,6.5,6.49,1,6.49
25SEP2024,HIFA,0806,HBL Invest Fund,2.6,2.65,2.48,2.48,163796,2.42
25SEP2024,HINO,0801,Hinopak Motor,265.0,265,257.26,264,259,260.64
25SEP2024,HINOON,0823,Highnoon (Lab),690.0,697,680,687.36,45277,689.98
25SEP2024,HIRAT,0830,Hira Textile,3.8,3.88,3.6,3.69,491187,3.7
25SEP2024,HMB,0807,Habib Metropol,65.66,68.46,65.66,67.5,828320,66.6
25SEP2024,HRPL,0826,Habib Rice Prod,34.0,34,32,32.61,9268,33.77
25SEP2024,HSPI,0808,Huffaz Seamless,10.25,10.7,10.25,10.39,2,10.39
25SEP2024,HTL,0821,HI-Tech Lub.,33.4,34.27,33.4,33.82,267923,33.58
25SEP2024,HUBC,0824,Hub Power Co.XD,130.99,131.45,127.16,128.21,13308966,129.09
25SEP2024,HUBC-NOVB,40,Hub Power Co.XD,0.0,0,0,133.21,0,134.21
25SEP2024,HUBC-OCTB,40,Hub Power Co.XD,131.01,132.5,128.3,129.4,1976500,129.64
25SEP2024,HUBC-SEPB,40,Hub Power Co.XD,130.11,131.51,127.75,128.43,2573500,129.36
25SEP2024,HUMNL,0828,Hum Network,9.85,10.38,9.85,10.22,1238878,9.96
25SEP2024,HUMNL-NOV,40,Hum Network,0.0,0,0,10.62,0,10.35
25SEP2024,HUMNL-OCT,40,Hum Network,10.28,10.48,10.15,10.3,975000,10.13
25SEP2024,HUMNL-SEP,40,Hum Network,10.14,10.37,10.01,10.18,997000,9.97
25SEP2024,HUSI,0838,Hussain Industries,21.74,21.74,21.74,21.76,4,21.76
25SEP2024,HWQS,0826,Haseeb Waqas Sugar,8.53,8.95,8.33,8.71,151,8.71
25SEP2024,IBFL,0827,Ibrahim Fibres,369.0,369,350,353.02,3,353.02
25SEP2024,IBLHL,0823,IBL HealthCare,31.05,31.8,30.95,31.4,15975,31.13
25SEP2024,ICCI,0831,ICC Industries,8.5,9,8.2,8.94,9707,8.83
25SEP2024,ICIBL,0813,Invest Bank,1.69,1.8,1.69,1.76,280313,1.66
25SEP2024,ICL,0805,Ittehad Chem.,45.23,45.99,45,45.51,5928,46.01
25SEP2024,IDSM,0830,Ideal Spinning,12.27,12.42,12.27,13.12,200,13.12
25SEP2024,IDYM,0830,Indus Dyeing,127.0,133,122.6,126.65,5453,127.55
25SEP2024,IGIHL,0812,IGI Holdings,155.0,155,149.5,150,24959,149.99
25SEP2024,IGIL,0812,IGI Life Ins,13.0,13.84,13,13.55,5287,13
25SEP2024,ILP,0829,Interloop Ltd.,74.26,75.1,72,74.86,593247,74.22
25SEP2024,ILP-NOV,40,Interloop Ltd.,0.0,0,0,77.78,0,77.16
25SEP2024,ILP-OCT,40,Interloop Ltd.,74.6,74.6,74.6,74.6,1000,75.6
25SEP2024,ILP-SEP,40,Interloop Ltd.,74.0,75,74,74.75,4000,74.35
25SEP2024,IMAGE,0827,Image Pakistan,15.27,15.59,15.15,15.21,602510,15.28
25SEP2024,IML,0813,Imperial Limite,17.11,17.11,17.11,19,1,19
25SEP2024,INDU,0801,Indus Motor Co-XD,1741.0,1754.85,1715,1715.97,1662,1731.53
25SEP2024,INIL,0808,Int. Ind.Ltd.XD,153.95,153.99,152.1,152.78,63173,154.17
25SEP2024,INIL-NOVB,40,Int. Ind.Ltd.XD,0.0,0,0,158.74,0,160.28
25SEP2024,INIL-OCTB,40,Int. Ind.Ltd.XD,0.0,0,0,155.53,0,152.5
25SEP2024,INIL-SEPB,40,Int. Ind.Ltd.XD,153.0,153,152.8,152.8,2500,154
25SEP2024,INKL,0829,Int.Knitwear,17.1,17.1,14.6,15.07,789,15.98
25SEP2024,IPAK,0822,Int. Packaging Films,22.75,23,22.73,22.76,123826,22.72
25SEP2024,ISIL,0810,Ismail Ind,1707.03,1888,1707.03,1813.39,29,1896.67
25SEP2024,ISL,0808,Inter.Steel LtdXD,68.05,68.99,67.11,67.71,266347,68.19
25SEP2024,ISL-NOVB,40,Inter.Steel LtdXD,0.0,0,0,70.35,0,70.89
25SEP2024,ISL-OCTB,40,Inter.Steel LtdXD,68.12,68.57,68.1,68.2,86000,70
25SEP2024,ISL-SEPB,40,Inter.Steel LtdXD,68.0,68,67.1,67.5,83000,67.65
25SEP2024,ITTEFAQ,0808,Ittefaq Iron Ind,6.2,6.2,5.9,6.06,215839,6.05
25SEP2024,JATM,0830,J.A.Textile,75.2,81.94,73.39,73.4,21793,81.54
25SEP2024,JDMT,0830,Janana D Mal,62.5,65,60.76,62.37,2809,63.33
25SEP2024,JDWS,0826,J.D.W.Sugar,479.3,533,479.3,500.07,29,500.07
25SEP2024,JGICL,0812,Jubilee Gen.Ins,40.49,41.9,40.01,40.08,10500,39.98
25SEP2024,JKSM,0830,J.K.Spinning,43.45,49.95,43.45,46.01,2947,48.26
25SEP2024,JLICL,0812,Jubile Life Ins,125.0,125,122.99,123,2701,122.99
25SEP2024,JSBL,0807,JS Bank Ltd,9.17,9.17,8.66,8.86,25522,8.8
25SEP2024,JSBL-NOV,40,JS Bank Ltd,0.0,0,0,9.21,0,9.15
25SEP2024,JSBL-OCT,40,JS Bank Ltd,9.0,9,9,9,10000,8.96
25SEP2024,JSBL-SEP,40,JS Bank Ltd,9.14,9.14,9.14,9.14,5500,8.82
25SEP2024,JSCL,0813,Jah.Sidd. Co.,15.71,15.9,15.3,15.83,139998,15.31
25SEP2024,JSCLPSA,0813,JahangirSidd(Pref),7.95,8.28,7.95,8.25,181559,7.8
25SEP2024,JSGBETF,0837,JS Global Banking,17.63,17.63,17.63,17.63,3500,17.37
25SEP2024,JSGBETF-NOV,40,JS Global Banking,0.0,0,0,18.32,0,18.06
25SEP2024,JSGBETF-OCTB,40,JS Global Banking,0.0,0,0,17.95,0,17.69
25SEP2024,JSGBETF-SEPB,40,JS Global Banking,0.0,0,0,17.65,0,17.4
25SEP2024,JSGCL,0813,JS Global Cap.,170.0,170,158.27,159.91,933,175.85
25SEP2024,JSMFETF,0837,JS Momentum,10.18,10.55,10.18,10.37,279500,10.02
25SEP2024,JSMFETF-NOV,40,JS Momentum,0.0,0,0,10.77,0,10.42
25SEP2024,JSMFETF-OCTC,40,JS Momentum,0.0,0,0,10.56,0,10.21
25SEP2024,JSMFETF-SEPC,40,JS Momentum,0.0,0,0,10.38,0,10.04
25SEP2024,JSML,0826,Jauharabad Sug,20.1,22.89,20.1,20.5,5111,21.76
25SEP2024,JUBS,0829,Jubilee Spinning,14.5,16.43,14,16.1,30985,14.94
25SEP2024,JVDC,0838,Javedan Corp.,42.49,43.5,40,43.23,15659,41.94
25SEP2024,KAPCO,0824,Kot Addu Power,30.52,30.9,30.5,30.65,402140,30.67
25SEP2024,KAPCO-NOV,40,Kot Addu Power,0.0,0,0,30.69,0,30.73
25SEP2024,KAPCO-NOVB,40,Kot Addu Power,0.0,0,0,27.85,0,27.88
25SEP2024,KAPCO-OCT,40,Kot Addu Power,0.0,0,0,30.69,0,31.4
25SEP2024,KAPCO-OCTB,40,Kot Addu Power,27.5,27.5,27.49,27.49,42500,27.1
25SEP2024,KAPCO-SEP,40,Kot Addu Power,30.74,30.8,30.41,30.67,76000,30.81
25SEP2024,KCL,0811,Karam Ceramics,71.0,71,58.39,64.88,193,64.88
25SEP2024,KEL,0824,K-Electric Ltd.,3.9,4.04,3.88,4.02,14099443,3.88
25SEP2024,KEL-NOV,40,K-Electric Ltd.,0.0,0,0,4.18,0,4.03
25SEP2024,KEL-OCT,40,K-Electric Ltd.,3.99,4.08,3.95,4.08,3400000,3.92
25SEP2024,KEL-SEP,40,K-Electric Ltd.,3.9,4.04,3.9,4.03,4993000,3.87
25SEP2024,KFGB1,36,Kashf Gender Bond,100.0,100,100,100,2000,100
25SEP2024,KHTC,0832,Khyber Tobacco,327.99,327.99,313.15,322.99,236,323.24
25SEP2024,KHYT,0829,Khyber Textile,430.0,465,430,423.15,5,423.15
25SEP2024,KML,0829,Kohinoor Mills,30.75,30.8,30.6,30.77,781,28.05
25SEP2024,KOHC,0804,Kohat Cement,292.0,307,292,303.64,628619,291
25SEP2024,KOHE,0824,Kohinoor Energy-XD,32.01,32.01,29.02,29.34,527316,31.55
25SEP2024,KOHP,0824,Kohinoor Power,6.96,7.48,6.96,7.37,148749,7.03
25SEP2024,KOHTM,0830,Kohat Textile,17.2,17.2,17.2,17.2,1001,16.51
25SEP2024,KOIL,0829,Kohinoor Ind.,8.16,8.8,8.16,8.54,2552,8.5
25SEP2024,KOSM,0830,Kohinoor Spining,8.22,9.04,8.16,8.92,51886989,8.04
25SEP2024,KOSM-NOV,40,Kohinoor Spining,0.0,0,0,9.27,0,8.36
25SEP2024,KOSM-OCT,40,Kohinoor Spining,8.29,9.16,8.29,9.1,23285500,8.16
25SEP2024,KOSM-SEP,40,Kohinoor Spining,8.17,9.05,8.02,8.99,24033000,8.05
25SEP2024,KSBP,0808,K.S.B.Pumps,138.48,139,135,136.75,27764,136.87
25SEP2024,KSE30-NOV,41,KSE30,0.0,0,0,26955,0,26742
25SEP2024,KSE30-OCT,41,KSE30,0.0,0,0,26506,0,26297
25SEP2024,KSE30-SEP,41,KSE30,0.0,0,0,26147,0,25941
25SEP2024,KSTM,0830,Khalid Siraj,7.03,8.12,7.01,8.12,72791,7.12
25SEP2024,KTML,0829,Kohinoor Textile,70.48,77.28,70.48,75.7,410831,70.25
25SEP2024,LCI,0805,Lucky Core Ind.XD,1019.0,1040,1011,1028.12,4560,1008.9
25SEP2024,LMSM,0830,Land Mark Spinning,28.2,28.2,28.2,28.2,3123,25.64
25SEP2024,LOADS,0802,Loads Limited,10.6,11.23,10.36,11.08,2049004,10.42
25SEP2024,LOTCHEM,0805,Lotte Chemical,15.9,15.98,15.7,15.9,457438,15.93
25SEP2024,LOTCHEM-NOV,40,Lotte Chemical,0.0,0,0,16.52,0,16.56
25SEP2024,LOTCHEM-OCT,40,Lotte Chemical,16.16,16.16,16,16.15,952500,16.23
25SEP2024,LOTCHEM-SEP,40,Lotte Chemical,15.9,16,15.78,15.95,758000,16.05
25SEP2024,LPGL,0805,Leiner Pak Gelat,195.88,200,176.29,180.71,43267,195.88
25SEP2024,LPL,0824,Lalpir Power,20.0,20.25,19.8,19.91,770287,19.99
25SEP2024,LPL-NOV,40,Lalpir Power,0.0,0,0,20.69,0,20.78
25SEP2024,LPL-OCTB,40,Lalpir Power,20.35,20.95,20.1,20.18,26500,20.33
25SEP2024,LPL-SEPB,40,Lalpir Power,20.47,20.99,19.6,19.82,5500,19.9
25SEP2024,LSECL,0813,LSE Capital Limited.,3.37,3.45,3.25,3.32,332150,3.21
25SEP2024,LSEFSL,0813,LSE Fin. Ser. Ld,4.63,4.63,4.35,4.36,1470,4.5
25SEP2024,LSEVL,0813,LSE Ventures Ltd,8.0,8.2,7.6,8.08,264926,7.96
25SEP2024,LUCK,0804,Lucky CementXD,898.95,899,876.89,896.19,225962,885.14
25SEP2024,LUCK-NOVB,40,Lucky CementXD,0.0,0,0,931.17,0,920.22
25SEP2024,LUCK-OCTB,40,Lucky CementXD,890.0,910,890,907.25,37500,895
25SEP2024,LUCK-SEPB,40,Lucky CementXD,880.07,899,880,899,38500,885.09
25SEP2024,MACFL,0822,MACPAC Films,17.55,18.04,17.49,17.67,137808,17.65
25SEP2024,MACTER,0823,Macter Int. Ltd,114.0,115,114,114.01,5705,111.57
25SEP2024,MARI,0820,Mari Petroleum-XDXB,424.99,427,422.5,423.87,382851,422.04
25SEP2024,MCB,0807,MCB Bank Ltd,234.99,245,231.01,244.57,464142,233.35
25SEP2024,MCBIM,0813,MCB Inv MGT,43.95,45.15,37.03,41.21,19465,41.06
25SEP2024,MCB-NOV,40,MCB Bank Ltd,0.0,0,0,254.12,0,242.6
25SEP2024,MCB-OCTB,40,MCB Bank Ltd,0.0,0,0,248.98,0,237.99
25SEP2024,MCB-SEPB,40,MCB Bank Ltd,235.0,235,235,235,81000,233.5
25SEP2024,MDTL,0828,Media Times Ltd,2.2,2.55,2.14,2.46,3551052,2.14
25SEP2024,MEBL,0807,Meezan Bank Ltd,233.0,236.01,232,234.61,2475481,232.92
25SEP2024,MEBL-NOV,40,Meezan Bank Ltd,0.0,0,0,243.77,0,242.15
25SEP2024,MEBL-OCTB,40,Meezan Bank Ltd,0.0,0,0,238.84,0,234.95
25SEP2024,MEBL-SEPB,40,Meezan Bank Ltd,234.99,234.99,234.99,234.99,1500,231.62
25SEP2024,MEHT,0829,Mehmood Tex.,553.02,617,553.02,554.07,264,614.47
25SEP2024,MERIT,0822,Merit Packaging,10.06,10.3,9.87,10.24,140824,10.06
25SEP2024,MFFL,0810,MithchellsFruit,146.45,146.45,144.01,144.79,12621,145
25SEP2024,MFL,0810,Matco Foods Ltd,24.9,24.9,24.1,24.4,2165,24.19
25SEP2024,MIIETF,0837,Mahaana Islamic,10.83,10.83,10.77,10.82,46500,10.73
25SEP2024,MIRKS,0826,Mirpurkhas Sugar,27.25,27.25,26.52,27,13932,27.5
25SEP2024,MLCF,0804,Maple Leaf,32.1,33.35,31.8,33.13,8192694,32.15
25SEP2024,MLCF-NOV,40,Maple Leaf,0.0,0,0,34.42,0,33.42
25SEP2024,MLCF-OCT,40,Maple Leaf,32.61,33.74,32.35,33.54,1667500,32.63
25SEP2024,MLCF-SEP,40,Maple Leaf,32.25,33.35,31.9,33.13,3416000,32.22
25SEP2024,MRNS,0826,Mehran Sugar,43.99,43.99,42.5,42.76,2171,43.03
25SEP2024,MSCL,0808,Metro Steel,13.0,13.7,12.6,12.92,1221,12.99
25SEP2024,MTL,0801,Millat Tractors,550.0,555.6,546,553.92,34542,546.8
25SEP2024,MTL-NOV,40,Millat Tractors,0.0,0,0,575.54,0,568.47
25SEP2024,MTL-OCT,40,Millat Tractors,0.0,0,0,563.9,0,556.98
25SEP2024,MTL-SEP,40,Millat Tractors,0.0,0,0,554.59,0,547.79
25SEP2024,MUGHAL,0808,Mughal Iron,78.5,80.4,78.3,80.01,1155761,78.12
25SEP2024,MUGHAL-NOV,40,Mughal Iron,0.0,0,0,83.13,0,81.22
25SEP2024,MUGHAL-OCT,40,Mughal Iron,79.89,81.91,79.89,81.91,1278500,79
25SEP2024,MUGHAL-SEP,40,Mughal Iron,79.0,80.7,79,80.5,1130000,78.9
25SEP2024,MUREB,0810,Murree Brewery,500.0,507,493.01,504.73,23202,496.99
25SEP2024,MWMP,0818,Mandviwala,15.95,16,15.95,16,28000,15.17
25SEP2024,MZNPETF,0837,Meezan Pakistan,13.47,13.47,13.31,13.44,41500,13.38
25SEP2024,MZNPETF-NOV,40,Meezan Pakistan,0.0,0,0,13.96,0,13.91
25SEP2024,MZNPETF-OCT,40,Meezan Pakistan,0.0,0,0,13.68,0,13.63
25SEP2024,MZNPETF-SEP,40,Meezan Pakistan,0.0,0,0,13.46,0,13.4
25SEP2024,NAGC,0830,Nagina Cotton,53.9,53.9,50.9,49.91,2,49.91
25SEP2024,NATF,0810,National Foods,174.11,176.98,174.11,174.99,15109,174.1
25SEP2024,NATF-OCT,40,National Foods,0.0,0,0,178.14,0,177.34
25SEP2024,NATF-SEP,40,National Foods,0.0,0,0,175.2,0,174.41
25SEP2024,NBP,0807,National BankXD,55.72,59.39,55.72,58.7,2519824,55.72
25SEP2024,NBPGETF-NOV,40,NBP Pakistan G ETF,0.0,0,0,17.05,0,17.06
25SEP2024,NBPGETF-OCT,40,NBP Pakistan G ETF,0.0,0,0,16.71,0,16.72
25SEP2024,NBPGETF-SEP,40,NBP Pakistan G ETF,0.0,0,0,16.43,0,16.44
25SEP2024,NBP-NOV,40,National BankXD,0.0,0,0,60.99,0,57.93
25SEP2024,NBP-OCT,40,National BankXD,57.0,60.37,57,59.42,3246500,56.78
25SEP2024,NBP-SEP,40,National BankXD,56.5,59.7,56.01,58.78,3439000,56.02
25SEP2024,NCL,0829,Nishat (Chun.),22.98,23.62,22.75,23.39,200190,22.76
25SEP2024,NCL-OCT,40,Nishat (Chun.),24.0,24,23,23.59,89500,23.44
25SEP2024,NCL-SEP,40,Nishat (Chun.),23.6,23.6,23.2,23.2,58000,23.7
25SEP2024,NCML,0830,Nazir Cotton Mills,15.99,16.1,15.5,15.54,94064,16
25SEP2024,NCPL,0824,Nishat ChunPow,26.0,28,25.61,27.4,5404296,26.11
25SEP2024,NCPL-NOV,40,Nishat ChunPow,0.0,0,0,28.47,0,27.14
25SEP2024,NCPL-OCT,40,Nishat ChunPow,26.03,28.2,26.01,27.85,1399000,26.55
25SEP2024,NCPL-SEP,40,Nishat ChunPow,26.25,27.8,26.2,27.5,379500,26.1
25SEP2024,NESTLE,0810,Nestle Pakistan,6925.0,6925,6925,6906.02,3,6906.02
25SEP2024,NETSOL,0828,Netsol Tech.,126.5,128.97,126.06,127.85,937832,126.03
25SEP2024,NETSOL-NOV,40,Netsol Tech.,0.0,0,0,128,0,126.26
25SEP2024,NETSOL-NOVB,40,Netsol Tech.,0.0,0,0,129.68,0,127.91
25SEP2024,NETSOL-OCT,40,Netsol Tech.,127.0,129.5,126.51,128,124500,126.14
25SEP2024,NETSOL-OCTB,40,Netsol Tech.,126.0,128.5,125.71,127.04,1067500,125.1
25SEP2024,NETSOL-SEP,40,Netsol Tech.,126.75,129.47,126.11,128.02,1379500,126.4
25SEP2024,NEXT,0813,Next Capital,4.99,5,4.95,5,6510,5.07
25SEP2024,NICL,0805,Nimir Ind.Chem.,114.99,114.99,106,110,18502,110.3
25SEP2024,NITGETF,0837,NIT Pakistan,18.48,18.48,18.48,18.48,5000,18.33
25SEP2024,NITGETF-NOV,40,NIT Pakistan,0.0,0,0,19.2,0,19.06
25SEP2024,NITGETF-OCT,40,NIT Pakistan,0.0,0,0,18.81,0,18.67
25SEP2024,NITGETF-SEP,40,NIT Pakistan,0.0,0,0,18.5,0,18.36
25SEP2024,NML,0829,Nishat Mills Ltd,61.99,63,61.2,62.73,180067,61.52
25SEP2024,NML-NOV,40,Nishat Mills Ltd,0.0,0,0,65.18,0,63.96
25SEP2024,NML-OCT,40,Nishat Mills Ltd,62.1,63,61.8,62.25,285500,62.3
25SEP2024,NML-SEP,40,Nishat Mills Ltd,61.5,62.52,61.25,62.51,305500,61.61
25SEP2024,NPL,0824,Nishat Power,38.0,38.38,37.4,37.55,2034751,37.75
25SEP2024,NPL-NOV,40,Nishat Power,0.0,0,0,37.6,0,37.82
25SEP2024,NPL-NOVB,40,Nishat Power,0.0,0,0,34.37,0,34.58
25SEP2024,NPL-OCT,40,Nishat Power,38.25,38.25,37.25,37.8,36500,37.25
25SEP2024,NPL-OCTB,40,Nishat Power,34.0,34.5,33.5,33.66,117000,34
25SEP2024,NPL-SEP,40,Nishat Power,37.8,37.8,37.7,37.7,1500,38.2
25SEP2024,NRL,0825,National Refinery,210.5,213.25,209,212.55,204519,208.82
25SEP2024,NRL-NOV,40,National Refinery,0.0,0,0,220.85,0,217.1
25SEP2024,NRL-OCT,40,National Refinery,212.75,216.26,212.75,215.21,144000,212
25SEP2024,NRL-SEP,40,National Refinery,210.5,213.48,210.5,212.72,131500,209.43
25SEP2024,NRSL,0805,Nimir Resins,20.35,21.5,20.25,21.33,89471,20.5
25SEP2024,NSRM,0827,National Silk,35.36,35.36,34.5,35,25,35
25SEP2024,OBOY,0821,Oilboy Energy L,6.41,6.7,6.41,6.44,25553,6.63
25SEP2024,OCTOPUS,0828,Octopus Digital,100.5,103.59,100.06,102.36,873143,100.12
25SEP2024,OCTOPUS-NOV,40,Octopus Digital,0.0,0,0,106.36,0,104.09
25SEP2024,OCTOPUS-OCT,40,Octopus Digital,102.4,104.5,102.4,104.15,301000,102.03
25SEP2024,OCTOPUS-SEP,40,Octopus Digital,100.81,103.65,100.35,102.72,603500,100.36
25SEP2024,OGDC,0820,Oil & Gas Dev.,139.8,144.85,139.06,144.28,12712592,139.78
25SEP2024,OGDC-NOV,40,Oil & Gas Dev.,0.0,0,0,144.45,0,140.03
25SEP2024,OGDC-NOVB,40,Oil & Gas Dev.,0.0,0,0,145.59,0,141.13
25SEP2024,OGDC-OCT,40,Oil & Gas Dev.,139.5,145.1,139,144.57,1213500,140.12
25SEP2024,OGDC-OCTB,40,Oil & Gas Dev.,138.25,143.99,137.5,142.91,5353000,138.25
25SEP2024,OGDC-SEP,40,Oil & Gas Dev.,139.99,145.05,139.35,144.59,6625000,139.94
25SEP2024,OGTI-NOV,41,OGTI,0.0,0,0,20509,0,20280
25SEP2024,OGTI-OCT,41,OGTI,0.0,0,0,20167,0,19942
25SEP2024,OGTI-SEP,41,OGTI,0.0,0,0,19894,0,19672
25SEP2024,OLPL,0813,OLP Financial,30.15,30.5,29.62,30.25,179861,30.05
25SEP2024,OLPM,0819,OLP Modaraba,15.3,15.45,15.3,15.4,22929,15.38
25SEP2024,OML,0818,Olympia Mills,22.88,22.88,20.55,20.59,988,20.8
25SEP2024,ORM,0819,Orient Rental,8.17,8.49,8,8.35,4687,8.21
25SEP2024,OTSU,0823,Otsuka Pak,140.0,143,138,139.83,42546,141.82
25SEP2024,P01GIS090525,36,1 Year GIS,91.17,91.17,91.17,91.17,25000,91.12
25SEP2024,P01GIS091224,36,1 Year IJARA Sukuk,96.89,96.89,96.89,96.89,5000,96.85
25SEP2024,P01GIS140325,36,1 Year GIS,93.14,93.14,93.14,93.14,5000,93.1
25SEP2024,P01GIS150825,36,1 Year GIS,88.39,88.4,88.35,88.35,100005000,88.3
25SEP2024,P01GIS170925,36,1 Year GIS,87.32,87.32,87.32,87.32,15000,87.28
25SEP2024,P01GIS230525,36,1 Year GIS,90.71,90.71,90.71,90.71,5000,90.66
25SEP2024,P01GIS250425,36,1 Year GIS,91.61,91.65,91.61,91.65,30000,91.56
25SEP2024,P01GIS250725,36,1 Year GIS,89.26,89.26,89.26,89.26,5000,89.21
25SEP2024,P01GIS270625,36,1 Year GIS,89.6,89.6,89.6,89.6,5000,89.56
25SEP2024,P03VRR180927,36,3 Year Variable Rate,102.0,102,102,102,5000,100
25SEP2024,P05GIS091225,36,P05GIS091225,0.0,0,0,0,0,100
25SEP2024,P05GIS290725,36,P05GIS290725,0.0,0,0,0,0,100
25SEP2024,P05GIS300425,36,P05GIS300425,0.0,0,0,0,0,100
25SEP2024,P05VRR180929,36,5 Year Variable Rate,102.0,102,102,102,5000,100
25SEP2024,PABC,0818,Pakistan Alumin,79.0,79.65,78.25,79.06,25808,78.58
25SEP2024,PABC-NOV,40,Pakistan Alumin,0.0,0,0,82.15,0,81.69
25SEP2024,PABC-OCT,40,Pakistan Alumin,0.0,0,0,80.48,0,80.04
25SEP2024,PABC-SEP,40,Pakistan Alumin,72.25,76.25,72.25,74.25,220000,78.72
25SEP2024,PACE,0838,Pace (Pak) Ltd.,5.33,6.04,5.33,5.91,25434647,5.23
25SEP2024,PACE-NOV,40,Pace (Pak) Ltd.,0.0,0,0,6.14,0,5.44
25SEP2024,PACE-OCT,40,Pace (Pak) Ltd.,5.4,6.14,5.4,6.02,5254500,5.33
25SEP2024,PACE-SEP,40,Pace (Pak) Ltd.,5.45,6.09,5.26,5.9,4670500,5.24
25SEP2024,PAEL,0803,Pak Elektron,25.4,26,25,25.88,4437485,25.09
25SEP2024,PAEL-NOV,40,Pak Elektron,0.0,0,0,26.89,0,26.08
25SEP2024,PAEL-OCT,40,Pak Elektron,25.6,26.4,25.5,26.27,9046500,25.43
25SEP2024,PAEL-SEP,40,Pak Elektron,25.15,26,25.15,25.92,10356000,25.06
25SEP2024,PAKD,0828,Pak Datacom,80.0,80,71.25,72.08,44374,79
25SEP2024,PAKL,0816,Pak Leather,26.0,26.5,26,25.8,199,25.8
25SEP2024,PAKOXY,0805,Pak Oxygen Ltd.,137.33,138.99,137.33,138.04,9154,137.33
25SEP2024,PAKRI,0812,Pak Reinsurance,9.87,10,9.8,9.9,216629,9.82
25SEP2024,PAKRI-NOV,40,Pak Reinsurance,0.0,0,0,10.29,0,10.21
25SEP2024,PAKRI-OCT,40,Pak Reinsurance,0.0,0,0,10.08,0,10
25SEP2024,PAKRI-SEP,40,Pak Reinsurance,9.9,10,9.9,9.9,23500,9.9
25SEP2024,PAKT,0832,Pak TobaccoXD,924.83,924.83,891.01,897.85,192,900
25SEP2024,PASL,0813,Pervez Ahmed Co,1.47,1.74,1.35,1.69,6752432,1.47
25SEP2024,PASM,0829,Paramount Sp,6.58,7,5.67,6.91,35860,6
25SEP2024,PGLC,0815,Pak Gulf Leasing,8.51,8.74,8.51,8.52,3175,8.53
25SEP2024,PHDL,0818,Pak Hotels,51.0,51,48.5,50.04,66187,50.01
25SEP2024,PIAHCLA,0813,PIA Holding Company,21.44,22.06,21.06,22.06,6598997,20.05
25SEP2024,PIAHCLA-NOV,40,PIA Holding Company,0.0,0,0,22.92,0,20.84
25SEP2024,PIAHCLA-OCT,40,PIA Holding Company,21.84,23.08,21.5,23.08,1752000,20.98
25SEP2024,PIAHCLA-SEP,40,PIA Holding Company,21.92,21.92,21.01,21.92,2393500,19.93
25SEP2024,PIAHCLB,0813,PIA Holding CompanyB,919.0,987.29,919,987.29,225,897.54
25SEP2024,PIBTL,0833,Pak Int.Bulk,5.74,5.95,5.71,5.9,2576924,5.74
25SEP2024,PIBTL-NOV,40,Pak Int.Bulk,0.0,0,0,6.13,0,5.97
25SEP2024,PIBTL-OCT,40,Pak Int.Bulk,6.7,6.7,5.8,5.96,2409500,5.85
25SEP2024,PIBTL-SEP,40,Pak Int.Bulk,5.86,5.97,5.71,5.91,1667000,5.76
25SEP2024,PICT,0833,Pak.Int.Cont.,37.5,38.2,37.2,37.29,215544,37.11
25SEP2024,PIL,0812,PICIC Ins.Ltd.,2.11,2.11,1.91,2,49988,1.93
25SEP2024,PIM,0819,Popular Islamic,14.84,14.84,13,13,953,13.5
25SEP2024,PINL,0812,Premier Ins.,6.59,6.6,6.59,6.65,104,6.65
25SEP2024,PIOC,0804,Pioneer Cement,181.19,184,179.05,183.27,321825,181.19
25SEP2024,PIOC-NOV,40,Pioneer Cement,0.0,0,0,183.49,0,181.52
25SEP2024,PIOC-NOVB,40,Pioneer Cement,0.0,0,0,179.97,0,178.04
25SEP2024,PIOC-OCT,40,Pioneer Cement,182.0,183,180,182.86,34000,181.5
25SEP2024,PIOC-OCTB,40,Pioneer Cement,173.51,174,173,174,9000,173
25SEP2024,PIOC-SEP,40,Pioneer Cement,182.0,183,179.25,182.25,75000,181.5
25SEP2024,PKGI,0812,Pak Gen.Ins.,5.56,6.48,5.5,5.82,6160,5.56
25SEP2024,PKGP,0824,Pakgen Power,85.0,87.9,83.17,87.89,8213,87.91
25SEP2024,PKGS,0822,Packages Ltd.,464.05,499.98,464.05,483.33,24292,475.41
25SEP2024,PKGS-OCT,40,Packages Ltd.,0.0,0,0,492.04,0,484.26
25SEP2024,PKGS-SEP,40,Packages Ltd.,0.0,0,0,483.91,0,476.27
25SEP2024,PMI,0819,Prud Mod.1st,3.64,3.8,3.24,3.46,779760,3.83
25SEP2024,PMPK,0832,Philip Morris Pak.,470.0,470,430.33,460,45,460
25SEP2024,PNSC,0833,P.N.S.C,325.99,358,321.05,349.61,41954,327.76
25SEP2024,POL,0820,Pak Oilfields,619.0,620.49,617,618.57,138823,617.19
25SEP2024,POL-NOV,40,Pak Oilfields,0.0,0,0,619.31,0,618.3
25SEP2024,POL-NOVB,40,Pak Oilfields,0.0,0,0,569.68,0,568.73
25SEP2024,POL-OCT,40,Pak Oilfields,0.0,0,0,619.31,0,618.3
25SEP2024,POL-OCTB,40,Pak Oilfields,0.0,0,0,558.16,0,565
25SEP2024,POL-SEP,40,Pak Oilfields,0.0,0,0,619.31,0,618.3
25SEP2024,POWER,0804,Power Cement,5.5,5.63,5.47,5.51,1306053,5.48
25SEP2024,POWER-NOV,40,Power Cement,0.0,0,0,5.73,0,5.7
25SEP2024,POWER-OCT,40,Power Cement,5.8,5.8,5.56,5.6,884000,5.6
25SEP2024,POWER-SEP,40,Power Cement,5.77,5.77,5.49,5.53,1375000,5.47
25SEP2024,PPL,0820,Pak Petroleum,108.49,109.61,107.7,108.77,3972481,107.99
25SEP2024,PPL-NOV,40,Pak Petroleum,0.0,0,0,108.9,0,108.18
25SEP2024,PPL-NOVB,40,Pak Petroleum,0.0,0,0,110.52,0,109.8
25SEP2024,PPL-OCT,40,Pak Petroleum,108.5,109.9,107.5,109.21,1778500,108.76
25SEP2024,PPL-OCTB,40,Pak Petroleum,108.11,109.25,107.2,108.58,2486000,107.65
25SEP2024,PPL-SEP,40,Pak Petroleum,108.75,109.8,107.8,109.16,1018500,108.22
25SEP2024,PPP,0822,Pak Paper Prod,88.01,90,84.01,86,10080,90.15
25SEP2024,PPVC,0805,Pak.P.V.C.,9.38,9.38,9.38,9.39,70,9.39
25SEP2024,PREMA,0810,At-Tahur Ltd.,16.9,17.35,16.85,17.16,341584,16.98
25SEP2024,PRET,0830,Premium Tex.,276.01,276.01,276.01,289.99,1,289.99
25SEP2024,PRL,0825,Pak Refinery,23.98,24.21,23.74,24.16,2285895,23.75
25SEP2024,PRL-NOV,40,Pak Refinery,0.0,0,0,24.19,0,23.79
25SEP2024,PRL-NOVB,40,Pak Refinery,0.0,0,0,23.01,0,22.64
25SEP2024,PRL-OCT,40,Pak Refinery,24.3,24.3,23.99,24.24,381000,24
25SEP2024,PRL-OCTB,40,Pak Refinery,24.4,24.4,22.25,22.83,2382000,22.35
25SEP2024,PRL-SEP,40,Pak Refinery,24.0,24.23,23.85,24.18,2756500,23.83
25SEP2024,PSEL,0818,Pak Services,691.02,779,691.02,732.05,49,741.12
25SEP2024,PSO,0821,P.S.O.,164.01,166.44,164,165.42,1009009,164.38
25SEP2024,PSO-NOV,40,P.S.O.,0.0,0,0,165.62,0,164.68
25SEP2024,PSO-NOVB,40,P.S.O.,0.0,0,0,161.62,0,160.7
25SEP2024,PSO-OCT,40,P.S.O.,166.5,167.8,164.5,165.87,63000,166.5
25SEP2024,PSO-OCTB,40,P.S.O.,159.5,160.5,157.51,159.36,549500,158.48
25SEP2024,PSO-SEP,40,P.S.O.,165.0,166.84,164.11,165.94,547500,165
25SEP2024,PSX,0813,Pak Stock Exchange,14.0,14.1,13.75,13.8,585118,13.86
25SEP2024,PSYL,0827,Pak Synthetics,26.06,27,26,26.39,1977,26.76
25SEP2024,PTC,0828,P.T.C.L.,11.6,11.99,11.55,11.82,2677876,11.6
25SEP2024,PTC-NOV,40,P.T.C.L.,0.0,0,0,12.28,0,12.06
25SEP2024,PTC-OCT,40,P.T.C.L.,11.77,12.15,11.72,11.99,937500,11.77
25SEP2024,PTC-SEP,40,P.T.C.L.,11.6,12,11.6,11.83,1137000,11.6
25SEP2024,PTL,0802,Panther Tyres Ltd.,39.98,40,39.46,39.51,86195,39.92
25SEP2024,QUET,0829,Quetta Textile,7.99,8.4,7.1,7.94,3610,7.7
25SEP2024,QUICE,0810,Quice Food,6.7,6.75,6.5,6.63,371956,6.64
25SEP2024,REDCO,0829,Redco Textile,7.7,7.8,7.65,7.72,701,7.71
25SEP2024,REWM,0829,Reliance Weaving,72.0,72,72,68.94,20,68.94
25SEP2024,RICL,0812,Reliance Ins.,10.0,10.5,10,10.5,1985,10.46
25SEP2024,RMPL,0810,Rafhan Maize,7300.0,7300,7250,7250,117,7300
25SEP2024,RPL,0822,Roshan Packages,16.5,16.75,16.45,16.51,1003253,16.34
25SEP2024,RUBY,0830,Ruby Textile,7.13,8.5,7.13,8.5,84641,7.5
25SEP2024,RUPL,0827,Rupali Polyester,17.0,17.3,16.9,17.2,3125,17.03
25SEP2024,SAIF,0830,Saif Textile,12.4,12.4,11.8,11.99,1702,12.28
25SEP2024,SANE,0830,Salman Noman,8.01,9.03,8.01,9.03,75542,8.03
25SEP2024,SAPT,0829,Sapphire Tex.,1259.98,1259.98,1075.11,1148.77,13,1148.77
25SEP2024,SAZEW,0801,Sazgar Eng,1007.98,1030,1007,1021.1,398841,998.77
25SEP2024,SAZEW-NOV,40,Sazgar Eng,0.0,0,0,1022.33,0,1000.57
25SEP2024,SAZEW-NOVB,40,Sazgar Eng,0.0,0,0,1047.89,0,1025.56
25SEP2024,SAZEW-OCT,40,Sazgar Eng,1010.0,1029.44,1010,1021.48,135500,1001.22
25SEP2024,SAZEW-OCTB,40,Sazgar Eng,1015.0,1035,1012,1022.83,352000,1003.45
25SEP2024,SAZEW-SEP,40,Sazgar Eng,1015.0,1030,1010,1022.24,390000,1000.98
25SEP2024,SBL,0807,Samba Bank,11.0,11,11,10.55,378,10.55
25SEP2024,SCBPL,0807,St.Chart.Bank,60.0,60,58,59,447561,60.02
25SEP2024,SEARL,0823,The Searle Company,58.49,59,58,58.73,1089528,58.21
25SEP2024,SEARL-NOV,40,The Searle Company,0.0,0,0,61.02,0,60.52
25SEP2024,SEARL-OCT,40,The Searle Company,59.25,59.74,58.67,59.58,302000,59.03
25SEP2024,SEARL-SEP,40,The Searle Company,58.5,59,58,58.82,352000,58.27
25SEP2024,SEPL,0822,Security PaperXD,142.2,145.01,140.35,144.58,57010,142.25
25SEP2024,SERT,0830,Service Ind Tex,11.16,12.09,11.16,11.35,13231,11.33
25SEP2024,SGF,0816,Service Global,66.81,68.48,66.8,67.93,5480,68.32
25SEP2024,SGPL,0824,S.G.Power,8.65,9.66,8.11,9.66,143822,8.66
25SEP2024,SHDT,0830,Shadab Textile,13.5,14.05,13.5,15,101,15
25SEP2024,SHEL,0821,Shell Pakistan,149.1,150.69,148.12,149.72,57445,149.97
25SEP2024,SHEL-NOV,40,Shell Pakistan,0.0,0,0,155.56,0,155.91
25SEP2024,SHEL-OCTB,40,Shell Pakistan,150.0,150,150,150,32000,152.76
25SEP2024,SHEL-SEPB,40,Shell Pakistan,149.0,149.9,148.6,149.9,50500,149.5
25SEP2024,SHEZ,0810,Shezan Inter.,91.2,92.9,91.1,91.18,1200,93.21
25SEP2024,SHFA,0818,Shifa Int.Hosp,178.41,179,174.25,175.11,14502,178.39
25SEP2024,SHNI,0812,Shaheen Ins.,4.5,4.5,4.5,4.5,2960,4.52
25SEP2024,SHSML,0826,Shahmurad Sugar,403.0,403,392.8,392.8,101,383.28
25SEP2024,SIBL,0813,Sec. Inv. Bank,5.05,5.42,5.05,5.12,9910,4.86
25SEP2024,SIEM,0803,Siemens Pak.,471.0,474.9,469,469.97,4549,470.04
25SEP2024,SILK,0807,Silk Bank Ltd,0.96,0.96,0.94,0.94,2162563,0.94
25SEP2024,SILK-SEP,40,Silk Bank Ltd,0.0,0,0,0.94,0,1
25SEP2024,SINDM,0819,Sindh Modaraba,10.4,11,10,10.5,16478,10.4
25SEP2024,SITC,0805,Sitara Chemical,280.0,289.9,280,272.96,214,272.96
25SEP2024,SKRS,0826,Sakrand Sugar,8.25,8.74,8.22,8.72,8327,8.59
25SEP2024,SLGL,0833,Secure Logistics Gro,17.7,17.95,16.99,17.2,4357247,17.21
25SEP2024,SLL,0815,SME Leasing Ltd,1.91,2.14,1.91,2,23148,1.97
25SEP2024,SLYT,0830,Sally Textile,41.0,42.69,36.52,42.69,71306,38.81
25SEP2024,SMCPL,0804,Safe Mix Con.Lt,18.89,20.35,18.45,20.35,183835,18.5
25SEP2024,SML,0826,Shakarganj Limited,28.25,29,28,28.44,6555,30
25SEP2024,SNBL,0807,Soneri Bank Ltd,13.41,13.78,13.41,13.7,99654,13.53
25SEP2024,SNBL-NOV,40,Soneri Bank Ltd,0.0,0,0,14.23,0,14.07
25SEP2024,SNBL-OCTB,40,Soneri Bank Ltd,0.0,0,0,13.95,0,13.78
25SEP2024,SNBL-SEPB,40,Soneri Bank Ltd,0.0,0,0,13.72,0,13.55
25SEP2024,SNGP,0821,Sui North Gas,67.3,68.51,67,67.59,1453637,67.72
25SEP2024,SNGP-NOV,40,Sui North Gas,0.0,0,0,70.23,0,70.4
25SEP2024,SNGP-OCTB,40,Sui North Gas,68.01,69,67.9,68.5,181000,67.5
25SEP2024,SNGP-SEPB,40,Sui North Gas,67.15,68.5,66.9,67.95,271500,66.89
25SEP2024,SPEL,0822,Synthetic Prod,40.0,41.5,39.5,41.04,1745306,39.87
25SEP2024,SPL,0805,Sitara Peroxide,14.0,14.09,13.8,13.85,12447,14.1
25SEP2024,SPWL,0824,Saif Power Ltd,17.9,17.95,16.11,17.29,479804,17.87
25SEP2024,SRVI,0816,Service Ind.Ltd,1146.9,1168,1145.8,1159.59,14599,1112.8
25SEP2024,SSGC,0821,Sui South Gas,8.42,8.65,8.42,8.59,1128337,8.49
25SEP2024,SSGC-NOV,40,Sui South Gas,0.0,0,0,8.93,0,8.83
25SEP2024,SSGC-OCT,40,Sui South Gas,8.67,8.75,8.61,8.75,63500,8.68
25SEP2024,SSGC-SEP,40,Sui South Gas,8.55,8.59,8.45,8.59,14000,8.55
25SEP2024,SSML,0830,Saritow Spinning,6.24,6.74,6.24,6.74,2103,6.66
25SEP2024,SSOM,0834,S.S.Oil,73.9,73.9,67.5,68.15,2007,70
25SEP2024,STCL,0811,Shabbir Tiles,13.74,13.85,13.49,13.79,175384,13.58
25SEP2024,STJT,0831,Shahtaj Textile,72.0,72,70,70.35,1090,75
25SEP2024,STPL,0818,Siddiqsons Tin,5.4,5.6,5.4,5.53,712394,5.42
25SEP2024,STYLERS,0829,Stylers Int.Ltd.,39.95,39.95,39.95,39,1,39
25SEP2024,SUTM,0830,Sunrays Textile,84.5,84.5,84,84.53,200,84.53
25SEP2024,SYM,0828,Symmetry Group Ltd,10.1,10.37,10,10.08,4707966,9.93
25SEP2024,SYM-NOV,40,Symmetry Group Ltd,0.0,0,0,10.09,0,9.95
25SEP2024,SYM-NOVB,40,Symmetry Group Ltd,0.0,0,0,10.36,0,10.22
25SEP2024,SYM-OCT,40,Symmetry Group Ltd,10.1,10.4,10.05,10.1,1495500,9.96
25SEP2024,SYM-OCTB,40,Symmetry Group Ltd,10.08,10.42,10.08,10.18,435000,10.01
25SEP2024,SYM-SEP,40,Symmetry Group Ltd,10.1,10.4,10,10.08,3266000,9.93
25SEP2024,SYS,0828,Systems Limited,414.75,414.75,409,409.98,2513871,410.99
25SEP2024,SYS-NOV,40,Systems Limited,0.0,0,0,425.98,0,427.28
25SEP2024,SYS-OCT,40,Systems Limited,0.0,0,0,417.37,0,418.64
25SEP2024,SYS-SEP,40,Systems Limited,411.0,411,411,411,1000,411.73
25SEP2024,SZTM,0830,Shahzad Tex.,31.9,31.9,31.89,29,226,29
25SEP2024,TATM,0830,Tata Textile,50.01,55.75,50.01,55.75,1002,52.94
25SEP2024,TBL,0802,Treet Battery Ltd.,16.01,16.3,16.01,16.05,89106,16.14
25SEP2024,TCORP,0826,Tariq Corp Ltd.,14.5,15.4,14.5,14.75,10213,14
25SEP2024,TCORPCPS,0826,Tariq Corp(Pref),11.99,11.99,11.96,11.46,11,11.46
25SEP2024,TELE,0828,Telecard Limited,7.22,7.4,7.22,7.32,1642340,7.23
25SEP2024,TELE-NOV,40,Telecard Limited,0.0,0,0,7.61,0,7.52
25SEP2024,TELE-OCT,40,Telecard Limited,7.39,7.45,7.39,7.43,357000,7.26
25SEP2024,TELE-SEP,40,Telecard Limited,7.25,7.39,7.23,7.31,651000,7.34
25SEP2024,TGL,0811,Tariq Glass Ind.,108.5,112,108.5,111.41,149168,108.44
25SEP2024,TGL-NOV,40,Tariq Glass Ind.,0.0,0,0,115.76,0,112.74
25SEP2024,TGL-OCT,40,Tariq Glass Ind.,110.82,112.8,110.82,112.8,83500,110.46
25SEP2024,TGL-SEP,40,Tariq Glass Ind.,109.0,111.5,109,111.33,89500,109.05
25SEP2024,THALL,0802,Thal Limited,400.0,414,381,413.78,1974638,393.86
25SEP2024,THCCL,0804,Thatta Cement,65.99,72.15,65.97,72.15,2764534,65.59
25SEP2024,TOMCL,0810,The Organic Meat,42.2,43,41.22,41.83,3127756,41.79
25SEP2024,TOMCL-NOV,40,The Organic Meat,0.0,0,0,43.46,0,43.45
25SEP2024,TOMCL-OCT,40,The Organic Meat,42.95,43.2,41.8,42.34,3046500,42.35
25SEP2024,TOMCL-SEP,40,The Organic Meat,42.4,42.89,41.3,41.83,2306000,41.86
25SEP2024,TOWL,0829,Towellers Limited,131.11,134.88,131.11,133.07,2885,133
25SEP2024,TPL,0828,TPL Corp Ltd,5.3,5.54,5.2,5.23,2212093,5.46
25SEP2024,TPLI,0812,TPL Insurance,10.4,10.4,10.07,10.07,1504,10.75
25SEP2024,TPLP,0838,TPL Properties,7.4,7.8,7.35,7.49,9669888,8.06
25SEP2024,TPLP-NOV,40,TPL Properties,0.0,0,0,7.78,0,8.38
25SEP2024,TPLP-OCT,40,TPL Properties,7.8,7.92,7.5,7.6,1844500,8.19
25SEP2024,TPLP-SEP,40,TPL Properties,7.24,7.81,7.24,7.51,3504000,8.1
25SEP2024,TPLRF1,0836,TPL REIT Fund I,13.2,13.5,13,13.5,4882,13.5
25SEP2024,TPLT,0828,TPL Trakker Ltd,8.1,9.2,8.1,9,147193,9
25SEP2024,TREET,0810,Treet Corp,14.9,15.23,14.9,15.13,2137726,14.87
25SEP2024,TREET-NOV,40,Treet Corp,0.0,0,0,15.72,0,15.46
25SEP2024,TREET-OCT,40,Treet Corp,15.19,15.41,15.19,15.38,1811500,15.1
25SEP2024,TREET-SEP,40,Treet Corp,14.99,15.23,14.93,15.16,1759000,14.91
25SEP2024,TRG,0828,TRG Pak Ltd,56.6,57.19,56.02,56.7,2157186,56.6
25SEP2024,TRG-NOV,40,TRG Pak Ltd,0.0,0,0,58.91,0,58.84
25SEP2024,TRG-OCT,40,TRG Pak Ltd,57.25,58,56.97,57.62,4276000,57.55
25SEP2024,TRG-SEP,40,TRG Pak Ltd,57.0,57.3,56.25,56.9,3379500,56.8
25SEP2024,TRIPF,0818,Tri-Pack Films,111.99,112.55,111,112,1557,111.99
25SEP2024,TRSM,0819,Trust Modaraba,4.0,4.22,4,4.15,1096136,3.98
25SEP2024,TSML,0826,Tandlianwala Sugar,73.1,77,73,74.36,1640,80.45
25SEP2024,TSPL,0824,Tri-Star Power,6.2,6.9,6.2,6.87,32722,6.5
25SEP2024,UBDL,0818,United Brands,14.03,15,14.03,14.95,2426,14.31
25SEP2024,UBL,0807,United Bank,295.5,298.95,291,297.73,932622,295.19
25SEP2024,UBL-NOV,40,United Bank,0.0,0,0,309.35,0,306.89
25SEP2024,UBL-OCTB,40,United Bank,0.0,0,0,303.09,0,294.99
25SEP2024,UBLPETF,0837,UBLPakistanETF,18.53,18.61,18.51,18.61,21500,18.6
25SEP2024,UBL-SEPB,40,United Bank,295.0,295,294,294,6000,290
25SEP2024,UCAPM,0819,Unicap Modaraba,3.0,3.08,2.81,2.91,110789,2.87
25SEP2024,UDLI,0818,UDL Int.Ltd.,8.06,8.28,7.99,8.02,35844,8.18
25SEP2024,UNIC,0812,United InsuranceXD,15.14,15.15,14.62,14.96,15926,14.51
25SEP2024,UNITY,0810,Unity Foods Ltd,26.51,26.89,26.45,26.57,343958,26.67
25SEP2024,UNITY-NOV,40,Unity Foods Ltd,0.0,0,0,27.61,0,27.73
25SEP2024,UNITY-OCT,40,Unity Foods Ltd,27.15,27.23,26.9,27,12612000,27.01
25SEP2024,UNITY-SEP,40,Unity Foods Ltd,26.7,26.95,26.55,26.64,12756000,26.79
25SEP2024,UPFL,0810,Unilever Foods,17400.0,17423.97,17200,17399.31,202,17398.99
25SEP2024,UVIC,0812,Universal Ins.,7.9,7.9,6.4,6.41,42261,6.97
25SEP2024,WAHN,0805,Wah-Noble,200.0,200,197,199.98,674,198.89
25SEP2024,WAVES,0803,Waves Corp Ltd.,6.24,6.34,6.17,6.26,758170,6.24
25SEP2024,WAVESAPP,0803,Waves Home App,7.53,7.9,7.26,7.78,4118599,7.48
25SEP2024,WAVES-NOV,40,Waves Corp Ltd.,0.0,0,0,6.5,0,6.49
25SEP2024,WAVES-OCT,40,Waves Corp Ltd.,6.39,6.39,6.3,6.32,925500,6.36
25SEP2024,WAVES-SEP,40,Waves Corp Ltd.,6.3,6.31,6.2,6.22,1097000,6.28
25SEP2024,WTL,0828,WorldCall Telecom,1.25,1.28,1.24,1.25,29716479,1.25
25SEP2024,WTL-OCT,40,WorldCall Telecom,1.28,1.3,1.26,1.28,6863000,1.27
25SEP2024,WTL-SEP,40,WorldCall Telecom,1.25,1.28,1.25,1.26,6896500,1.25
25SEP2024,YOUW,0831,Yousuf Weaving,4.2,4.69,4.15,4.62,9415249,4.14
25SEP2024,YOUW-NOV,40,Yousuf Weaving,0.0,0,0,4.8,0,4.3
25SEP2024,YOUW-OCT,40,Yousuf Weaving,4.28,4.74,4.28,4.71,1844000,4.25
25SEP2024,YOUW-SEP,40,Yousuf Weaving,4.21,4.69,4.2,4.63,1918500,4.15
25SEP2024,ZAHID,0829,ZahidJee Tex.,26.66,30.9,26.66,29,20101,29.29
25SEP2024,ZIL,0810,ZIL Limited,229.99,229.99,229.99,215.7,1,215.7
